name,label
38044--5,38044--5
38371--5,38371--5
11472--15,11472--15
22481--5,22481--5
38155--5,38155--5
14870--6,14870--6
209--م.شبوه,209--م.شبوه
11941--5-مؤقت-ح,11941--5-مؤقت-ح
11843--5,11843--5
39275--5,39275--5
37565--5,37565--5
9916--H,9916--H
11303--5-مؤقت,11303--5-مؤقت
11349--15,11349--15
80--17-مؤقت,80--17-مؤقت
40119--5,40119--5
15166--3,15166--3
35395--2,35395--2
120--5,120--5
119--5,119--5
37398--5,37398--5
785--مؤقت,785--مؤقت
38143--5,38143--5
31570--2,31570--2
36469--5,36469--5
11471--5,11471--5
2450--15,2450--15
1482--H,1482--H
12080--5,12080--5
61745--H,61745--H
11697--5,11697--5
11820--5,11820--5
8009--H,8009--H
2544--17,2544--17
10982--15,10982--15
3220--H,3220--H
2957--مؤقت,2957--مؤقت
13318--5,13318--5
14273--5,14273--5
13513--5,13513--5
36802--5,36802--5
509--17,509--17
14088--5,14088--5
13276--5,13276--5
10352--15,10352--15
10663--3,10663--3
24763--5,24763--5
9492--H,9492--H
610--مؤقت15,610--مؤقت15
9102--H,9102--H
10406--H,10406--H
29504--5,29504--5
37629--5,37629--5
2051--H,2051--H
2597--17,2597--17
38348--5,38348--5
41983--5,41983--5
2743--مؤقت-نقل,2743--مؤقت-نقل
7908--H,7908--H
1319--W,1319--W
36195--5,36195--5
2876--H,2876--H
10451--H,10451--H
1800--H,1800--H
39374--5,39374--5
2253--W,2253--W
34640--5,34640--5
4893--11,4893--11
1690--W,1690--W
4873--H,4873--H
353--نقل-,353--نقل-
5234--H,5234--H
2157--مؤقت-نقل,2157--مؤقت-نقل
2499--مؤقت-ابين,2499--مؤقت-ابين
5093--H,5093--H
6511--H,6511--H
5223--H,5223--H
2681---مؤقت-شبوه,2681---مؤقت-شبوه
2235---مؤقت-نقل,2235---مؤقت-نقل
9090--H,9090--H
34890--5,34890--5
1168--H,1168--H
8579--15,8579--15
5078--H,5078--H
39360--5,39360--5
2640--H,2640--H
35475--5,35475--5
18727--5,18727--5
3010--مؤقت-نقل,3010--مؤقت-نقل
13374--3,13374--3
1237--H,1237--H
31117--5,31117--5
5277--H,5277--H
2062--مؤقت-نقل,2062--مؤقت-نقل
1608--H,1608--H
3936--مؤقت-نقل,3936--مؤقت-نقل
3792--مؤقت-نقل,3792--مؤقت-نقل
7477--15,7477--15
4010--مؤقت-نقل,4010--مؤقت-نقل
2184--مؤقت-نقل,2184--مؤقت-نقل
1827--مؤقت-شبوه,1827--مؤقت-شبوه
4745--11,4745--11
944--15,944--15
1612--15,1612--15
10273--5,10273--5
14815--1,14815--1
2886--6,2886--6
4177--15,4177--15
5227--15,5227--15
1735--5,1735--5
3834--10,3834--10
8741--5,8741--5
30593--5,30593--5
632--15,632--15
16355--5,16355--5
2014--3,2014--3
8507--2,8507--2
5062--2,5062--2
39352--5,39352--5
29250--5,29250--5
1027--H,1027--H
9544--15,9544--15
429--17,429--17
11717--15,11717--15
28058--6,28058--6
1383--15,1383--15
6900--15,6900--15
10081--5,10081--5
2802--16,2802--16
16784--1,16784--1
6293--,6293--
1919--15,1919--15
1067--15,1067--15
39304--5,39304--5
40829--1,40829--1
35390--5,35390--5
3800--16,3800--16
42735--2,42735--2
4648--16,4648--16
H--1293,H--1293
953--15,953--15
2825--5,2825--5
13643--5,13643--5
6200--5,6200--5
28111--5,28111--5
13834--5,13834--5
3350--4,3350--4
16495--6,16495--6
9122--5,9122--5
4265--5,4265--5
11092--5,11092--5
29601--5,29601--5
1474--H,1474--H
16113--5,16113--5
1923--H,1923--H
60204--H,60204--H
11253--1,11253--1
7981--H,7981--H
9201--3,9201--3
6595--15,6595--15
38314--5,38314--5
2740--مؤقت-نقل,2740--مؤقت-نقل
8680--5,8680--5
3059---مؤقت-نقل,3059---مؤقت-نقل
9993--6,9993--6
5474--H,5474--H
1710--15,1710--15
6017--2,6017--2
61756--مؤقت-نقل,61756--مؤقت-نقل
123172--2,123172--2
24904--5,24904--5
2288--مؤقت-نقل,2288--مؤقت-نقل
36453--5,36453--5
19535--5,19535--5
61829--مؤقت-نقل,61829--مؤقت-نقل
28187--5,28187--5
1744--مؤقت-نقل,1744--مؤقت-نقل
2917--17,2917--17
11461--15,11461--15
7314--15,7314--15
4557--H,4557--H
4042--مؤقت-نقل,4042--مؤقت-نقل
17196--5-مؤقت-ح,17196--5-مؤقت-ح
4094--مؤقت-نقل,4094--مؤقت-نقل
6893--5,6893--5
19199--6,19199--6
19312--1,19312--1
1988--5,1988--5
71082--5,71082--5
7155---H,7155---H
7990--H,7990--H
35492--5,35492--5
35649--5,35649--5
1797--مؤقت-ش,1797--مؤقت-ش
317--مؤقت,317--مؤقت
38813--5,38813--5
19381--1,19381--1
7315--H,7315--H
2058--17,2058--17
38269--5,38269--5
8165--H,8165--H
8605--H,8605--H
1130--H,1130--H
28172--5,28172--5
27832--5,27832--5
1016--11,1016--11
8683--H,8683--H
513--مؤقت15,513--مؤقت15
1425—H,1425—H
6284--H,6284--H
2294---مؤقت-نقل,2294---مؤقت-نقل
61757--مؤقت-نقل-,61757--مؤقت-نقل-
2154--عدن,2154--عدن
9680--H,9680--H
60827--مؤقت-نقل,60827--مؤقت-نقل
7912--H,7912--H
1777--مؤقت-نقل,1777--مؤقت-نقل
61370--مؤقت-نقل,61370--مؤقت-نقل
33270--5,33270--5
868--17,868--17
35295--5,35295--5
16187--5,16187--5
5633--H,5633--H
1659--مؤقت-شبوه,1659--مؤقت-شبوه
4054--مؤقت-نقل,4054--مؤقت-نقل
5493--H,5493--H
33202--5,33202--5
12419--5,12419--5
11435--5-مؤقت,11435--5-مؤقت
14379--5,14379--5
41628--5,41628--5
41627--5,41627--5
1058--H,1058--H
1954--W,1954--W
26101--5,26101--5
2257--17,2257--17
2123--W,2123--W
2762--H,2762--H
734--5-مؤقت-ح,734--5-مؤقت-ح
34303--5,34303--5
936--مؤقت,936--مؤقت
36763--5,36763--5
10921--5,10921--5
1981--H,1981--H
11725--5,11725--5
344--مؤقت-شبوه,344--مؤقت-شبوه
582--مؤقت-شبوه,582--مؤقت-شبوه
3771--11,3771--11
5--13157,5--13157
35370--5,35370--5
2572--H,2572--H
7045--H,7045--H
11576--15,11576--15
12400--5,12400--5
3468----H,3468----H
1322--مؤقت,1322--مؤقت
12623--5,12623--5
1546--,1546--
9068--3,9068--3
13420--5,13420--5
11341--3,11341--3
12022--5,12022--5
H--2888,H--2888
36585--5,36585--5
15909--3,15909--3
8621--H,8621--H
1729--W,1729--W
8967--H,8967--H
20890--9,20890--9
1949--H,1949--H
11180--5,11180--5
2299--H,2299--H
349--17,349--17
11551--5,11551--5
18404--5,18404--5
35691--5,35691--5
10460--15,10460--15
493--نقل-–شبوه,493--نقل-–شبوه
714--نقل-–شبوه,714--نقل-–شبوه
37989--5,37989--5
1406--مؤقت,1406--مؤقت
1956--W,1956--W
5011--H,5011--H
14278--مؤقت-نقل,14278--مؤقت-نقل
1102--H,1102--H
1005--5,1005--5
9023--H,9023--H
1314--مؤقت-شبوه,1314--مؤقت-شبوه
4629--H,4629--H
1690--H,1690--H
1966--W,1966--W
31355--5,31355--5
26516--5,26516--5
1005--H,1005--H
10317--مؤقت-عدن,10317--مؤقت-عدن
17871--3,17871--3
2819--W,2819--W
12665--5-مؤقت,12665--5-مؤقت
5221--H,5221--H
61274--H,61274--H
5412--H,5412--H
5842--H,5842--H
1684--H,1684--H
20326--6,20326--6
13342--5,13342--5
30158--5,30158--5
19167--5,19167--5
2479--16,2479--16
H--3311,H--3311
399--نقل,399--نقل
62389--مؤقت-نقل,62389--مؤقت-نقل
35733--5,35733--5
42795--5,42795--5
5532--6,5532--6
23508--5,23508--5
7993--H,7993--H
559--6,559--6
31294--5,31294--5
11119--5,11119--5
12130--6,12130--6
1062--H,1062--H
19820--5,19820--5
1680--H,1680--H
17755--5,17755--5
3132--H,3132--H
4426--مؤقت-نقل,4426--مؤقت-نقل
18831--5,18831--5
8790--H,8790--H
984--8,984--8
15855—5,15855—5
15279--5-مؤقت-ح,15279--5-مؤقت-ح
5726--5,5726--5
2701--5,2701--5
17328--5,17328--5
14744--5-مؤقت-ح,14744--5-مؤقت-ح
15006--5-مؤقت-ح,15006--5-مؤقت-ح
2727--مؤقت-نقل,2727--مؤقت-نقل
8148--5,8148--5
1255--H,1255--H
4099--مؤقت-نقل,4099--مؤقت-نقل
4548--6,4548--6
4874--H,4874--H
60491--مؤقت-نقل,60491--مؤقت-نقل
12203--5,12203--5
1534--18,1534--18
35360--5,35360--5
65781--2,65781--2
42457--2,42457--2
27562--5,27562--5
13242--5,13242--5
9266--H,9266--H
41626--5,41626--5
228--5-مؤقت-ح,228--5-مؤقت-ح
6036--H,6036--H
35525--5,35525--5
35523--5,35523--5
35526--5,35526--5
35522--5,35522--5
24347--5,24347--5
19196--5,19196--5
1024--مؤقت-نقل,1024--مؤقت-نقل
9431--H,9431--H
1722--H,1722--H
34217--5,34217--5
1670--W,1670--W
16279--5,16279--5
28886--2,28886--2
15483--4,15483--4
27906--5,27906--5
11285--15,11285--15
811--نقل,811--نقل
8690--H,8690--H
19759--5,19759--5
6005--H,6005--H
639--مؤقت,639--مؤقت
7823--15,7823--15
12009--5,12009--5
10478--5,10478--5
10489--5,10489--5
13552--5,13552--5
15456--5,15456--5
28631--5,28631--5
H--1584,H--1584
11224--5,11224--5
60877--2,60877--2
308--مؤقت-ش,308--مؤقت-ش
18987--5,18987--5
2770--17,2770--17
7190--12,7190--12
17978--5,17978--5
11581--5,11581--5
99--م-مؤقت-ح,99--م-مؤقت-ح
13580--5-مؤقت-ح,13580--5-مؤقت-ح
1143--مؤقت,1143--مؤقت
14242--فولفو,14242--فولفو
14347--5,14347--5
6296--H,6296--H
1971---H-,1971---H-
12683--5,12683--5
9211--H,9211--H
10616--H,10616--H
4433--H,4433--H
13398--5,13398--5
7062--5,7062--5
9903--H,9903--H
16867--5,16867--5
28975--5,28975--5
328--3,328--3
2401--H,2401--H
5609--12,5609--12
2706--5,2706--5
945--مؤقت-ح,945--مؤقت-ح
11156--5,11156--5
62990--مؤقت-حضرموت,62990--مؤقت-حضرموت
14781--5,14781--5
12352--5,12352--5
12347--5,12347--5
25006--5,25006--5
12937--5,12937--5
3822--5,3822--5
5693--5,5693--5
28009--5,28009--5
30886--5,30886--5
34510--5,34510--5
16007--6,16007--6
4980--11,4980--11
10691--6,10691--6
5304--6,5304--6
17132--5-مؤقت-ح,17132--5-مؤقت-ح
19236--5,19236--5
1632--مؤقت-نقل,1632--مؤقت-نقل
29860--5,29860--5
4353--مؤقت-نقل,4353--مؤقت-نقل
1005--مؤقت,1005--مؤقت
1003--مؤقت,1003--مؤقت
12625--5,12625--5
37223--5,37223--5
10748--15,10748--15
11664--5,11664--5
14696--13,14696--13
2031--H,2031--H
35675--5,35675--5
37266--5,37266--5
807--نقل,807--نقل
27569--5,27569--5
36080--5,36080--5
18494--5,18494--5
17469--5,17469--5
2783--H,2783--H
27936--5,27936--5
8242--H,8242--H
11529--5,11529--5
14345--5,14345--5
3941--H,3941--H
13828--5-,13828--5-
11802--5,11802--5
31462--5,31462--5
14902--5,14902--5
19930--5,19930--5
2047--مؤقت-نقل,2047--مؤقت-نقل
11685--مؤقت-عدن,11685--مؤقت-عدن
11158--5,11158--5
35700--5,35700--5
8782--مؤقت-عدن,8782--مؤقت-عدن
1947--16,1947--16
2722--17,2722--17
2707--H,2707--H
2313--H,2313--H
1738--H,1738--H
22160--4,22160--4
9914--H,9914--H
41203--5,41203--5
15915--5,15915--5
9670--H,9670--H
10191--5,10191--5
155--نقل,155--نقل
9498--15,9498--15
16444--5-مؤقت-ح,16444--5-مؤقت-ح
1909--مؤقت-نقل,1909--مؤقت-نقل
24016--3,24016--3
1001--مؤقت,1001--مؤقت
34817--5,34817--5
11698--5,11698--5
1019--مؤقت,1019--مؤقت
17973--5,17973--5
3932--مؤقت-نقل,3932--مؤقت-نقل
9349--15,9349--15
39667--5,39667--5
4226--1,4226--1
21201--5,21201--5
6189--H,6189--H
32709--5,32709--5
207--5,207--5
2618--H,2618--H
1310--مؤقت,1310--مؤقت
2070--H,2070--H
57377--2,57377--2
14234--5,14234--5
19879--5,19879--5
14465--5,14465--5
14458--5,14458--5
1316--9,1316--9
14232--5,14232--5
14454--5,14454--5
23208--5,23208--5
14235--5,14235--5
14233--5,14233--5
14456--5,14456--5
14463--5,14463--5
14457--5,14457--5
4963--11,4963--11
12656--5,12656--5
1001--11,1001--11
6367--12,6367--12
14250--5,14250--5
41245--5,41245--5
10878--21,10878--21
2225--H,2225--H
1751---مؤقت-نقل,1751---مؤقت-نقل
139036---2,139036---2
9177--H,9177--H
9178--H,9178--H
106--5-مؤقت-ح,106--5-مؤقت-ح
105--5-مؤقت-ح,105--5-مؤقت-ح
12213--5-مؤقت-ح,12213--5-مؤقت-ح
6662--مؤقت-عدن,6662--مؤقت-عدن
3754--H,3754--H
36014--5-نقل,36014--5-نقل
4142--H,4142--H
35146--5,35146--5
13273--5-مؤقت-ح,13273--5-مؤقت-ح
4363--H,4363--H
5982--11,5982--11
11556--5-مؤقت-ح,11556--5-مؤقت-ح
37161--5,37161--5
3483--H,3483--H
16527--5-مؤقت-ح,16527--5-مؤقت-ح
52--نقل-شبوه,52--نقل-شبوه
16486--5-مؤقت-ح,16486--5-مؤقت-ح
305--نقل-ش,305--نقل-ش
3951--H,3951--H
24814--5,24814--5
11783--5-مؤقت-ح,11783--5-مؤقت-ح
2788--H,2788--H
2838--H,2838--H
35598--5,35598--5
9573--H,9573--H
250---نقل-ش,250---نقل-ش
1562--H,1562--H
2902--مؤقت-نقل,2902--مؤقت-نقل
1405--مؤقت-مهره,1405--مؤقت-مهره
3610--H,3610--H
60028--مؤقت-نقل,60028--مؤقت-نقل
5470--H,5470--H
13649--5مؤقت-ح,13649--5مؤقت-ح
1092--H,1092--H
34394--5,34394--5
5471--H,5471--H
9396--H,9396--H
25836--5,25836--5
12102--5,12102--5
9037--H,9037--H
7691--H,7691--H
9096--H,9096--H
7672--1,7672--1
1566--مؤقت-نقل-,1566--مؤقت-نقل-
40186--5,40186--5
60812--مؤقت-نقل-,60812--مؤقت-نقل-
950---مؤقت-نقل,950---مؤقت-نقل
21560--9,21560--9
550--مؤقت-نقل,550--مؤقت-نقل
2576--مؤقت-نقل,2576--مؤقت-نقل
35736--5,35736--5
8792--H,8792--H
2374--6,2374--6
8870--1,8870--1
37138--5,37138--5
34686--5,34686--5
1509--H,1509--H
1060--H,1060--H
1508--H,1508--H
10189--15,10189--15
5--31963,5--31963
34808--5,34808--5
31962--5,31962--5
34965--5,34965--5
34966--5,34966--5
34809--5,34809--5
2137--مؤقت-نقل,2137--مؤقت-نقل
17016--5,17016--5
3352--H,3352--H
4780--H,4780--H
17150--5-مؤقت-ح,17150--5-مؤقت-ح
62301--مؤقت-نقل,62301--مؤقت-نقل
13580--5,13580--5
2404--3,2404--3
14699--مؤقت-ح,14699--مؤقت-ح
23342--5,23342--5
11681--5,11681--5
1420---مؤقت,1420---مؤقت
8917--H,8917--H
12037--5,12037--5
1577--H,1577--H
1665--H,1665--H
4167--H,4167--H
-481--نقل-,-481--نقل-
2746--17,2746--17
37106--5,37106--5
35118--5,35118--5
1247--H,1247--H
36827--5,36827--5
1967--H,1967--H
2060--H,2060--H
1239--H,1239--H
1163--H,1163--H
1156--H,1156--H
322299--C8460,322299--C8460
36788--5,36788--5
36803--5,36803--5
13191--3,13191--3
68149--2,68149--2
23684--5,23684--5
9484--H,9484--H
7577--H,7577--H
2754--H,2754--H
1193--M,1193--M
37172--5,37172--5
8545--H,8545--H
8543--H,8543--H
8689--H,8689--H
1892--H,1892--H
12514--5-مؤقت-ح,12514--5-مؤقت-ح
3357--H,3357--H
8838--H,8838--H
2385--15,2385--15
12517--5-مؤقت-ح,12517--5-مؤقت-ح
12887--5-مؤقت-ح,12887--5-مؤقت-ح
9626--H,9626--H
4143--H,4143--H
8650--H,8650--H
9453--H,9453--H
9451--H,9451--H
9450--H,9450--H
9454--H,9454--H
61191--5,61191--5
36204--5,36204--5
39117--5,39117--5
2642--17,2642--17
1338--H,1338--H
11756--H,11756--H
7965--H,7965--H
7964--H,7964--H
7967--H,7967--H
1778--H,1778--H
121565--2,121565--2
1968--17,1968--17
39594--5,39594--5
4156--H,4156--H
8454--H,8454--H
9190--H,9190--H
1891--H,1891--H
8800--H,8800--H
5025--H,5025--H
4999--H,4999--H
3810--H,3810--H
34336--5,34336--5
80407--2,80407--2
2152--H,2152--H
1567--H,1567--H
8473--م-عدن,8473--م-عدن
10496--15,10496--15
590--شبوة,590--شبوة
1987--H,1987--H
10497--15,10497--15
2643--H,2643--H
4481--H,4481--H
17174--5,17174--5
12235--,12235--
532--5,532--5
26309--5,26309--5
5713--H,5713--H
6279--1,6279--1
941--5-مؤقت,941--5-مؤقت
1329--H,1329--H
37039--5,37039--5
16035--5,16035--5
361--17,361--17
9917--5,9917--5
362--17,362--17
25342--5,25342--5
15561--5,15561--5
32356--5,32356--5
9966--5,9966--5
7357--15,7357--15
1127--H,1127--H
12454--5,12454--5
25800--5,25800--5
34739--5,34739--5
14060--5,14060--5
34210--5,34210--5
11535--5,11535--5
1207--مؤقت,1207--مؤقت
1569--H,1569--H
3043--19,3043--19
1081--مؤقت,1081--مؤقت
25629--5,25629--5
7987--5,7987--5
12086--5,12086--5
2089--,2089--
11175--مؤقت,11175--مؤقت
8233--H,8233--H
1082--مؤقت,1082--مؤقت
1214--مؤقت,1214--مؤقت
15081--5,15081--5
8368--H,8368--H
4127--H,4127--H
4175--H,4175--H
4228--H,4228--H
1998--H,1998--H
613--5,613--5
19337--5,19337--5
5393--15,5393--15
1175--مؤقت,1175--مؤقت
17787--5,17787--5
13575--مؤقت-ح,13575--مؤقت-ح
11936--5,11936--5
375--مؤقت,375--مؤقت
4135--16,4135--16
36067--5,36067--5
20825--5,20825--5
536--5مؤقت,536--5مؤقت
8736--5,8736--5
24540--5,24540--5
11661--5,11661--5
707--5-,707--5-
849--5-مؤقت-ح,849--5-مؤقت-ح
41727--5,41727--5
124980--2,124980--2
35614--5,35614--5
1471—H,1471—H
12718--5,12718--5
4162--H,4162--H
34525--5,34525--5
18766--5,18766--5
1000--مؤقت,1000--مؤقت
53841--5,53841--5
16498--5,16498--5
14277--5,14277--5
2042--5-مؤقت,2042--5-مؤقت
10378--H,10378--H
2647--17,2647--17
986--5-مؤقت-ح,986--5-مؤقت-ح
8502--5,8502--5
4461--H,4461--H
34584--1,34584--1
1761--H,1761--H
820--5-مؤقت,820--5-مؤقت
10359--15,10359--15
12707--5,12707--5
13627--5-مؤقت-ح,13627--5-مؤقت-ح
10163--H,10163--H
1813--H,1813--H
12359--5,12359--5
4521--H,4521--H
20288--5,20288--5
17082--5,17082--5
17280--5,17280--5
25000--5,25000--5
1319--مؤقت,1319--مؤقت
2144--W,2144--W
3434--H,3434--H
1879--W,1879--W
34748--5,34748--5
12413--5-موقت-ح,12413--5-موقت-ح
3242--H,3242--H
11822--5مؤقت-ح,11822--5مؤقت-ح
12840--5-مؤقت-ح,12840--5-مؤقت-ح
12816--5-مؤقت-ح,12816--5-مؤقت-ح
217--5-مؤقت-ح,217--5-مؤقت-ح
60290--H,60290--H
2704--H,2704--H
1421--H,1421--H
60484--مؤقت-نقل,60484--مؤقت-نقل
2375--11,2375--11
8744--12,8744--12
35857--5,35857--5
36766--5,36766--5
8819--H,8819--H
2865--9,2865--9
11875--5-مؤقت-ح,11875--5-مؤقت-ح
23699--5,23699--5
214--نقل,214--نقل
36464--5,36464--5
5044--H,5044--H
37566--5,37566--5
1112--H,1112--H
13316--مؤقت-عدن,13316--مؤقت-عدن
71--نقل,71--نقل
37528--5,37528--5
27214--5,27214--5
5038--H,5038--H
278--نقل,278--نقل
1801--H,1801--H
1031--مؤقت-نقل,1031--مؤقت-نقل
38342--5,38342--5
19495--9,19495--9
2369--عدن,2369--عدن
10390--H,10390--H
3657--مؤقت-نقل,3657--مؤقت-نقل
6129--11,6129--11
24510--5,24510--5
10075--مؤقت-عدن,10075--مؤقت-عدن
13929--3,13929--3
1664--H,1664--H
350--مؤقت-ش,350--مؤقت-ش
11558--15,11558--15
704--مؤقت,704--مؤقت
11559--15,11559--15
372--نقل,372--نقل
1194--W,1194--W
11031--15,11031--15
15065--5,15065--5
5071--مؤقت,5071--مؤقت
437---نقل,437---نقل
643---نقل,643---نقل
4868---مؤقت,4868---مؤقت
9441--مؤقت,9441--مؤقت
1355--W,1355--W
264--17,264--17
3149--H,3149--H
11967--5,11967--5
1324--مؤقت,1324--مؤقت
4866--مؤقت,4866--مؤقت
388--نقل,388--نقل
1323--مؤقت,1323--مؤقت
25965--5,25965--5
12250--5,12250--5
16647--5,16647--5
12575--3,12575--3
18833--21,18833--21
61657--مؤقت-نقل,61657--مؤقت-نقل
124550--5,124550--5
37452--5,37452--5
8723--12,8723--12
6983--16,6983--16
115--19,115--19
11045--6,11045--6
5378--14,5378--14
13607--6,13607--6
3887--21,3887--21
4754--9,4754--9
42271--2,42271--2
20259--21,20259--21
39744--2,39744--2
39869--2,39869--2
123617--2,123617--2
2540--19,2540--19
18721--10,18721--10
15168--8,15168--8
42215--1,42215--1
5226--14,5226--14
11019--16,11019--16
11092--16,11092--16
11093--16,11093--16
10893--19,10893--19
83412--2,83412--2
37994--1,37994--1
87659--2,87659--2
2869--16,2869--16
13405--10,13405--10
11729--5-مؤقت,11729--5-مؤقت
11853--5,11853--5
11890--5-مؤقت,11890--5-مؤقت
11925--5-مؤقت,11925--5-مؤقت
11977--5-مؤقت,11977--5-مؤقت
12077--5,12077--5
12390--5مؤقت,12390--5مؤقت
12987--5-مؤقت,12987--5-مؤقت
20170--6,20170--6
2102--H,2102--H
217--17,217--17
28753--5,28753--5
33401--5,33401--5
38047--5,38047--5
7595--H,7595--H
8018--H,8018--H
2187--H,2187--H
39562--5,39562--5
7425--H,7425--H
9430--H,9430--H
40590--1,40590--1
32352--5,32352--5
13843--5,13843--5
30106--5,30106--5
30308--6,30308--6
38579--5,38579--5
11707--5,11707--5
8093--H,8093--H
60403--مؤقت-نقل,60403--مؤقت-نقل
60404--مؤقت-نقل,60404--مؤقت-نقل
34582--5,34582--5
18802--6,18802--6
35333--5,35333--5
10289--H,10289--H
11276--15,11276--15
738--مؤقت15,738--مؤقت15
15082--5,15082--5
790--15-مؤقت,790--15-مؤقت
12236--5,12236--5
1548--H,1548--H
61770--مؤقت-حضرموت,61770--مؤقت-حضرموت
38518--5,38518--5
2285--5,2285--5
1552--W,1552--W
1939--H,1939--H
9572--H,9572--H
31133--6,31133--6
38488--5,38488--5
60211-H,60211-H
6379--H,6379--H
7683--H,7683--H
7176--H,7176--H
11546--مؤقت,11546--مؤقت
39816--5,39816--5
62227--مؤقت-نقل,62227--مؤقت-نقل
37136--5,37136--5
1755--H,1755--H
31327--5,31327--5
38194--5,38194--5
11645--5,11645--5
13917--5,13917--5
2827--H,2827--H
8388--H,8388--H
8765--H,8765--H
28160--6,28160--6
24617--3,24617--3
11684--مؤقت-حضرموت,11684--مؤقت-حضرموت
1984--مؤقت-حضرموت,1984--مؤقت-حضرموت
62805--مؤقت-حضرموت,62805--مؤقت-حضرموت
62980--مؤقت-حضرموت,62980--مؤقت-حضرموت
4917--مؤقت-نقل,4917--مؤقت-نقل
23739--5,23739--5
60109--مؤقت-حضرموت,60109--مؤقت-حضرموت
8762--H,8762--H
4950--مؤقت-حضرموت,4950--مؤقت-حضرموت
42230--1,42230--1
10709--H,10709--H
7740--5,7740--5
35682--5,35682--5
2204--H,2204--H
1705--H,1705--H
38161--5,38161--5
1113--5,1113--5
39664--5,39664--5
7824--H,7824--H
1079--11,1079--11
8475--15,8475--15
5491--5,5491--5
20082--5,20082--5
6013--H,6013--H
36850--5,36850--5
28835--5,28835--5
16593--5,16593--5
363---مؤقت,363---مؤقت
1521--H,1521--H
4746--5,4746--5
6414---H,6414---H
3612--H,3612--H
23200--5,23200--5
35848--5,35848--5
9783--5,9783--5
5843--H,5843--H
1175--H,1175--H
29109--5,29109--5
1452--H,1452--H
6261--5,6261--5
35710--5,35710--5
6073--,6073--
2800--مؤقت-نقل,2800--مؤقت-نقل
2982--,2982--
2512--,2512--
2058--,2058--
6583--,6583--
6164--,6164--
2577--,2577--
36775--5,36775--5
23082--5,23082--5
1704--,1704--
3981--مؤقت-نقل,3981--مؤقت-نقل
3943--مؤقت-نقل,3943--مؤقت-نقل
29167--5,29167--5
11146--5,11146--5
40008--5,40008--5
2522--,2522--
1898--,1898--
2323--,2323--
16529--5,16529--5
17046--5,17046--5
17051--5,17051--5
4862--5,4862--5
38967--5,38967--5
13898--5,13898--5
17817--5,17817--5
32185--5,32185--5
17954--5,17954--5
1501--H,1501--H
2519--H,2519--H
9212--15,9212--15
2698--H,2698--H
2145--H,2145--H
31732--5,31732--5
M--1682,M--1682
1816--H,1816--H
14725--5,14725--5
2122--H,2122--H
16767--5,16767--5
4141--H,4141--H
4183--H,4183--H
1377--H,1377--H
1343--H,1343--H
32162--5,32162--5
31520--5,31520--5
9563--H,9563--H
9564--H,9564--H
6512--H,6512--H
41843--1,41843--1
2930--,2930--
13269--5,13269--5
38892--5,38892--5
8723--3,8723--3
3540--مؤقت-نقل,3540--مؤقت-نقل
27870--5,27870--5
17543--3,17543--3
19205--5,19205--5
752--5,752--5
4207--مؤقت-نقل,4207--مؤقت-نقل
5788--H,5788--H
3616--H,3616--H
1599--مؤقت-نقل,1599--مؤقت-نقل
4529--مؤقت-نقل,4529--مؤقت-نقل
4375--15,4375--15
--941--3,--941--3
28238--5,28238--5
5489--5,5489--5
24073--5,24073--5
38414--5,38414--5
4255--5,4255--5
1937--15,1937--15
5486--5,5486--5
1560--15,1560--15
11150--5,11150--5
11772--5,11772--5
1374--H,1374--H
36285--5,36285--5
419--17,419--17
38293--5,38293--5
1665--5,1665--5
22952--5,22952--5
1462--H,1462--H
5492--5,5492--5
603--5,603--5
1303--H,1303--H
37570--5,37570--5
32149--5,32149--5
7238--15,7238--15
9610--5,9610--5
146--3,146--3
55452--2,55452--2
4253--5,4253--5
29190--5,29190--5
17053--5,17053--5
13769--5,13769--5
15064--5,15064--5
4473--20,4473--20
230--5,230--5
2713--5,2713--5
51080--2,51080--2
6252--3,6252--3
11078--5,11078--5
17376--5,17376--5
37931--5,37931--5
11749--5,11749--5
H--7423,H--7423
1570--15,1570--15
17334--5,17334--5
12520--5,12520--5
1647--,1647--
38180--5,38180--5
277--5,277--5
16066--5,16066--5
33557--,33557--
2210--3,2210--3
11579--5,11579--5
11177--6,11177--6
8428--3,8428--3
16249--5,16249--5
450--6,450--6
2267--6,2267--6
122--17,122--17
28135--5,28135--5
35687--5,35687--5
4111--H,4111--H
4134--H,4134--H
9368--1,9368--1
4114--H,4114--H
8837--H,8837--H
8893--H,8893--H
17433--5,17433--5
2082--مؤقت,2082--مؤقت
4209--مؤقت-نقل,4209--مؤقت-نقل
1293--H,1293--H
7846--H,7846--H
9019--H,9019--H
1426--مؤقت-المهرة,1426--مؤقت-المهرة
11261--5,11261--5
4508--مؤقت-نقل,4508--مؤقت-نقل
12668--5,12668--5
7813--H,7813--H
39811--5,39811--5
231--مؤقت,231--مؤقت
40017--5,40017--5
41848--1,41848--1
6974--H,6974--H
3871--3,3871--3
30636--5,30636--5
39090--5,39090--5
37095--5,37095--5
7197--H,7197--H
6640--5,6640--5
14703--9,14703--9
1264--17,1264--17
4208--مؤقت-نقل,4208--مؤقت-نقل
35654--5,35654--5
280--5,280--5
39771--5,39771--5
16749--5,16749--5
2183---مؤقت-مهره,2183---مؤقت-مهره
2181---مؤقت-مهره,2181---مؤقت-مهره
5851--H,5851--H
8996--5,8996--5
41794--5,41794--5
9526--15,9526--15
4379--H,4379--H
4259--5,4259--5
60053--مؤقت-ح,60053--مؤقت-ح
17315--5,17315--5
39149--5,39149--5
1330--H,1330--H
40230--5,40230--5
8989--H,8989--H
4690--H,4690--H
2070--مؤقت-نقل-ح,2070--مؤقت-نقل-ح
23176--5,23176--5
7153--5,7153--5
2067--مؤقت-نقل-ح,2067--مؤقت-نقل-ح
1823--مؤقت-نقل-ح,1823--مؤقت-نقل-ح
4783--H,4783--H
1449---مؤقت-م,1449---مؤقت-م
2496--مؤقت-ش,2496--مؤقت-ش
38889--5,38889--5
17171--5,17171--5
7386--5,7386--5
42266--1,42266--1
10664--H,10664--H
2713---مؤقت-نقل,2713---مؤقت-نقل
8627--H,8627--H
19552--1,19552--1
33495--5,33495--5
10624--H,10624--H
4961--11,4961--11
32107--5,32107--5
1588--H,1588--H
9604--5,9604--5
3303--مؤقت-نقل,3303--مؤقت-نقل
12685--2,12685--2
11505--موقت,11505--موقت
4080--مؤقت-نقل-,4080--مؤقت-نقل-
15079--5,15079--5
10711--H,10711--H
5724--H,5724--H
3447--H,3447--H
8100--H,8100--H
26861--5,26861--5
1190--5,1190--5
6248--H,6248--H
28044--5,28044--5
5721--H,5721--H
4936--11,4936--11
7036--H,7036--H
21883--9,21883--9
21826--4,21826--4
14613--5,14613--5
9088--H,9088--H
40025--5,40025--5
9681--H,9681--H
13616--5,13616--5
3223--H,3223--H
1556--مؤقت-نقل,1556--مؤقت-نقل
1272--مؤقت-نقل,1272--مؤقت-نقل
3080---مؤقت-نقل,3080---مؤقت-نقل
17331---5--مؤقت,17331---5--مؤقت
38687--5,38687--5
15652--5,15652--5
19076--5,19076--5
11798--5-مؤقت-ح,11798--5-مؤقت-ح
22966--5,22966--5
4260--5,4260--5
31432--5,31432--5
27178--5,27178--5
1871---مؤقت-ش,1871---مؤقت-ش
2046--16,2046--16
2368--مؤقت-نقل,2368--مؤقت-نقل
1820--مؤقت-نقل,1820--مؤقت-نقل
4614--H,4614--H
2234--3,2234--3
1760--مؤقت-نقل-ح,1760--مؤقت-نقل-ح
22840--5,22840--5
9417--H,9417--H
1799--مؤقت-نقل-ح,1799--مؤقت-نقل-ح
1325--H,1325--H
38163--5,38163--5
42485--1,42485--1
36773--5,36773--5
1383--مؤقت-ح,1383--مؤقت-ح
27971--5,27971--5
4694--H,4694--H
9363--H,9363--H
4998--H,4998--H
2731--مؤقت-نقل,2731--مؤقت-نقل
32258--5,32258--5
60610--H,60610--H
17422--5,17422--5
2810--مؤقت-نقل,2810--مؤقت-نقل
2873--مؤقت-شبوه,2873--مؤقت-شبوه
2882--H,2882--H
1480--H,1480--H
25980--5,25980--5
38228--5,38228--5
16405--5-مؤقت,16405--5-مؤقت
16944--6,16944--6
3667--21,3667--21
2375--مؤقت-نقل,2375--مؤقت-نقل
3423--H,3423--H
3002--H,3002--H
21834--4,21834--4
4124--مؤقت-نقل,4124--مؤقت-نقل
41966--5,41966--5
5569--H,5569--H
28704--5,28704--5
5449--H,5449--H
2810--مؤقت-شبوة,2810--مؤقت-شبوة
1378--H,1378--H
24896--5,24896--5
16925--مؤقت,16925--مؤقت
1016--H,1016--H
15735--5,15735--5
2021--مؤقت-المهره,2021--مؤقت-المهره
6948--H,6948--H
3975--مؤقت-حضرموت,3975--مؤقت-حضرموت
9486--H,9486--H
5775--H,5775--H
4672--مؤقت-حضرموت,4672--مؤقت-حضرموت
62006--H,62006--H
62896--مؤقت-حضرموت,62896--مؤقت-حضرموت
5559--H,5559--H
5465--H,5465--H
5546--H,5546--H
5908--H,5908--H
4669--مؤقت-حضرموت,4669--مؤقت-حضرموت
4899--مؤقت-حضرموت,4899--مؤقت-حضرموت
17623--13,17623--13
38317--5,38317--5
1812--17,1812--17
1086--15,1086--15
4626--H,4626--H
1671--17,1671--17
25222--5,25222--5
3613--6,3613--6
1615--H,1615--H
1681--H,1681--H
5177--مؤقت-حضرموت,5177--مؤقت-حضرموت
4140--مؤقت-نقل,4140--مؤقت-نقل
26729--5,26729--5
2488--مؤقت-حضرموت,2488--مؤقت-حضرموت
11053--5,11053--5
18627--5,18627--5
229--مؤقت-حضرموت,229--مؤقت-حضرموت
4383--H,4383--H
4659--مؤقت-حضرموت,4659--مؤقت-حضرموت
29049--5,29049--5
3931--مؤقت-حضرموت,3931--مؤقت-حضرموت
1760--M,1760--M
10249--6,10249--6
11472--5-مؤقت-ح,11472--5-مؤقت-ح
3456--H,3456--H
1965--H,1965--H
8748--H,8748--H
4504--مؤقت-نقل,4504--مؤقت-نقل
2117--H,2117--H
28442--5,28442--5
14872--5,14872--5
14417--5,14417--5
18124--8,18124--8
2896--3,2896--3
2664--W,2664--W
1148--H,1148--H
8471--H,8471--H
1842--مؤقت-حضرموت,1842--مؤقت-حضرموت
1889--M,1889--M
38952--5,38952--5
31434--5,31434--5
38093--5,38093--5
8344--H,8344--H
37227--5,37227--5
3929--مؤقت-حضرموت,3929--مؤقت-حضرموت
10125--3,10125--3
22783--5,22783--5
19760--6,19760--6
4634--20,4634--20
2661--مؤقت-حضرموت,2661--مؤقت-حضرموت
56649--2,56649--2
3569--H,3569--H
5618--H,5618--H
22313--5,22313--5
9957--5,9957--5
54699--1,54699--1
41080--5,41080--5
137676--2,137676--2
40959--4,40959--4
23355--3,23355--3
8708--H,8708--H
84357--2,84357--2
42216--5,42216--5
125980--2,125980--2
80382--2,80382--2
84513--2,84513--2
71609--2,71609--2
76573--2,76573--2
4125--14,4125--14
24190--3,24190--3
91088--2,91088--2
23892--3,23892--3
74439--2,74439--2
55785--1,55785--1
70460--2,70460--2
4004--مؤقت-حضرموت,4004--مؤقت-حضرموت
307--مؤقت-حضرموت,307--مؤقت-حضرموت
7869--H,7869--H
909--مؤقت-حضرموت,909--مؤقت-حضرموت
63060--مؤقت-حضرموت,63060--مؤقت-حضرموت
5196--مؤقت-حضرموت,5196--مؤقت-حضرموت
63055--مؤقت-حضرموت,63055--مؤقت-حضرموت
1194--مؤقت-حضرموت,1194--مؤقت-حضرموت
5086--5,5086--5
12933--5,12933--5
62047--H,62047--H
5392--مؤقت-عدن,5392--مؤقت-عدن
4674--مؤقت-حضرموت,4674--مؤقت-حضرموت
2219--مؤقت-عدن,2219--مؤقت-عدن
11459--مؤقت-حضرموت,11459--مؤقت-حضرموت
125---مؤقت-حضرموت,125---مؤقت-حضرموت
6364--عدن,6364--عدن
6365--عدن,6365--عدن
79903--2,79903--2
32518--5,32518--5
2303--H,2303--H
63072--مؤقت-حضرموت,63072--مؤقت-حضرموت
13548--5,13548--5
7143--5,7143--5
1672--H,1672--H
9131--H,9131--H
39216--5,39216--5
9372--H,9372--H
60132--مؤقت-نقل-ح,60132--مؤقت-نقل-ح
25307--5,25307--5
17164--5,17164--5
1863--مؤقت-حضرموت,1863--مؤقت-حضرموت
2625--H,2625--H
60301--مؤقت-حضرموت,60301--مؤقت-حضرموت
2374--مؤقت-حضرموت,2374--مؤقت-حضرموت
63154--مؤقت-حضرموت,63154--مؤقت-حضرموت
63082--مؤقت-حضرموت,63082--مؤقت-حضرموت
8578--3,8578--3
8768--5,8768--5
2594--H,2594--H
63039--مؤقت-حضرموت,63039--مؤقت-حضرموت
9831--H,9831--H
63196--مؤقت-حضرموت,63196--مؤقت-حضرموت
2055--11,2055--11
1147--H,1147--H
48712--1,48712--1
24594--5,24594--5
1361--17,1361--17
3101--3,3101--3
5326--مؤقت-حضرموت,5326--مؤقت-حضرموت
5351--مؤقت-حضرموت,5351--مؤقت-حضرموت
3215--مؤقت-شبوة,3215--مؤقت-شبوة
4488--H,4488--H
3680--H,3680--H
21717--5,21717--5
1389--مؤقت-شبوة,1389--مؤقت-شبوة
2883--مؤقت-حضرموت,2883--مؤقت-حضرموت
31629--5,31629--5
36425--5,36425--5
4537--H,4537--H
5---35691,5---35691
H---5221,H---5221
5---14641,5---14641
H---3519,H---3519
60814---مؤقت-حضرموت,60814---مؤقت-حضرموت
H---8923,H---8923
H---2526,H---2526
-5--1912609,-5--1912609
3--2401,3--2401
24860--3,24860--3
4512--مؤقت-حضرموت,4512--مؤقت-حضرموت
1802--H,1802--H
24853--3,24853--3
4032--مؤقت-حضرموت,4032--مؤقت-حضرموت
5709--H,5709--H
5122--مؤقت-حضرموت,5122--مؤقت-حضرموت
3672--مؤقت-حضرموت,3672--مؤقت-حضرموت
38231--5,38231--5
36629--5,36629--5
8665-21,8665-21
1815--H,1815--H
38522--5,38522--5
8897--6,8897--6
10667--H,10667--H
10796--H,10796--H
9183-15,9183-15
28817--5,28817--5
2594--مؤقت-حضرموت,2594--مؤقت-حضرموت
2677--مؤقت-حضرموت,2677--مؤقت-حضرموت
5147--مؤقت-حضرموت,5147--مؤقت-حضرموت
60035--مؤقت-حضرموت,60035--مؤقت-حضرموت
27150--5,27150--5
63422--مؤقت-حضرموت,63422--مؤقت-حضرموت
99999999--99,99999999--99
6666666--7,6666666--7
33333333--8,33333333--8
4444444--مراد-باحاج,4444444--مراد-باحاج
600600600--مؤقت-حضرموت,600600600--مؤقت-حضرموت
0000--مؤقت-حضرموت,0000--مؤقت-حضرموت
murad--H,murad--H